Store,Week,Demand,Optimal_Order,Inventory_Level,Holding_Cost,Ordering_Cost,Total_Cost
1,1,1557645.52,760596.69,1594097.7,79704.89,5000,84704.89
1,2,1557645.52,1557645.5,1594097.7,79704.89,5000,84704.89
1,3,1561433.82,1561433.8,1594097.7,79704.89,5000,84704.89
1,4,1733488.28,1733488.3,1594097.7,79704.89,5000,84704.89
1,5,1628406.95,1628406.9,1594097.7,79704.89,5000,84704.89
1,6,1651869.26,1651869.3,1594097.7,79704.89,5000,84704.89
1,7,1656384.08,1656384.1,1594097.7,79704.89,5000,84704.89
1,8,1824542.88,1824542.9,1594097.7,79704.89,5000,84704.89
1,9,1375495.77,1375495.8,1594097.7,79704.89,5000,84704.89
1,10,1543819.98,1543820.0,1594097.7,79704.89,5000,84704.89
1,11,1543819.98,1543820.0,1594097.7,79704.89,5000,84704.89
1,12,1543819.98,1543820.0,1594097.7,79704.89,5000,84704.89
1,13,1544897.61,1544897.6,1594097.7,79704.89,5000,84704.89
2,1,1883711.51,922573.95,1922275.1,96113.76,5000,101113.76
2,2,1883711.51,1883711.5,1922275.1,96113.76,5000,101113.76
2,3,1891288.12,1891288.1,1922275.1,96113.76,5000,101113.76
2,4,2059868.43,2059868.4,1922275.1,96113.76,5000,101113.76
2,5,1966539.23,1966539.2,1922275.1,96113.76,5000,101113.76
2,6,1990866.01,1990866.0,1922275.1,96113.76,5000,101113.76
2,7,1996803.44,1996803.4,1922275.1,96113.76,5000,101113.76
2,8,2205869.02,2205869.0,1922275.1,96113.76,5000,101113.76
2,9,1651824.87,1651824.9,1922275.1,96113.76,5000,101113.76
2,10,1863193.05,1863193.0,1922275.1,96113.76,5000,101113.76
2,11,1864941.21,1864941.2,1922275.1,96113.76,5000,101113.76
2,12,1864941.21,1864941.2,1922275.1,96113.76,5000,101113.76
2,13,1866018.85,1866018.9,1922275.1,96113.76,5000,101113.76
3,1,422356.94,205554.31,433605.27,21680.26,5000,26680.26
3,2,422356.94,422356.94,433605.27,21680.26,5000,26680.26
3,3,422356.94,422356.94,433605.27,21680.26,5000,26680.26
3,4,462132.92,462132.92,433605.27,21680.26,5000,26680.26
3,5,447130.61,447130.61,433605.27,21680.26,5000,26680.26
3,6,457830.4,457830.4,433605.27,21680.26,5000,26680.26
3,7,458081.22,458081.22,433605.27,21680.26,5000,26680.26
3,8,518797.8,518797.8,433605.27,21680.26,5000,26680.26
3,9,349295.26,349295.26,433605.27,21680.26,5000,26680.26
3,10,419132.37,419132.37,433605.27,21680.26,5000,26680.26
3,11,419132.37,419132.37,433605.27,21680.26,5000,26680.26
3,12,419132.37,419132.37,433605.27,21680.26,5000,26680.26
3,13,419132.37,419132.37,433605.27,21680.26,5000,26680.26
4,1,2178497.35,1070804.6,2215385.4,110769.27,5000,115769.27
4,2,2178497.35,2178497.4,2215385.4,110769.27,5000,115769.27
4,3,2186073.96,2186074.0,2215385.4,110769.27,5000,115769.27
4,4,2366905.1,2366905.1,2215385.4,110769.27,5000,115769.27
4,5,2254678.43,2254678.4,2215385.4,110769.27,5000,115769.27
4,6,2286210.53,2286210.5,2215385.4,110769.27,5000,115769.27
4,7,2291477.77,2291477.8,2215385.4,110769.27,5000,115769.27
4,8,2519012.04,2519012.0,2215385.4,110769.27,5000,115769.27
4,9,1881366.61,1881366.6,2215385.4,110769.27,5000,115769.27
4,10,2163529.93,2163529.9,2215385.4,110769.27,5000,115769.27
4,11,2164228.0,2164228.0,2215385.4,110769.27,5000,115769.27
4,12,2164228.0,2164228.0,2215385.4,110769.27,5000,115769.27
4,13,2165305.64,2165305.6,2215385.4,110769.27,5000,115769.27
5,1,335302.63,161997.16,346610.93,17330.55,5000,22330.55
5,2,335302.63,335302.63,346610.93,17330.55,5000,22330.55
5,3,335302.63,335302.63,346610.93,17330.55,5000,22330.55
5,4,371978.9,371978.9,346610.93,17330.55,5000,22330.55
5,5,358205.53,358205.53,346610.93,17330.55,5000,22330.55
5,6,368015.47,368015.47,346610.93,17330.55,5000,22330.55
5,7,368266.29,368266.29,346610.93,17330.55,5000,22330.55
5,8,424148.22,424148.22,346610.93,17330.55,5000,22330.55
5,9,280271.77,280271.77,346610.93,17330.55,5000,22330.55
5,10,332287.02,332287.02,346610.93,17330.55,5000,22330.55
5,11,332287.02,332287.02,346610.93,17330.55,5000,22330.55
5,12,332287.02,332287.02,346610.93,17330.55,5000,22330.55
5,13,332287.02,332287.02,346610.93,17330.55,5000,22330.55
6,1,1459742.65,715787.83,1487909.6,74395.48,5000,79395.48
6,2,1459742.65,1459742.6,1487909.6,74395.48,5000,79395.48
6,3,1459742.65,1459742.6,1487909.6,74395.48,5000,79395.48
6,4,1609167.6,1609167.6,1487909.6,74395.48,5000,79395.48
6,5,1523214.79,1523214.8,1487909.6,74395.48,5000,79395.48
6,6,1547730.07,1547730.1,1487909.6,74395.48,5000,79395.48
6,7,1552495.69,1552495.7,1487909.6,74395.48,5000,79395.48
6,8,1701612.79,1701612.8,1487909.6,74395.48,5000,79395.48
6,9,1222086.24,1222086.2,1487909.6,74395.48,5000,79395.48
6,10,1451822.53,1451822.5,1487909.6,74395.48,5000,79395.48
6,11,1451822.53,1451822.5,1487909.6,74395.48,5000,79395.48
6,12,1451822.53,1451822.5,1487909.6,74395.48,5000,79395.48
6,13,1451822.53,1451822.5,1487909.6,74395.48,5000,79395.48
7,1,514306.63,249347.37,529918.51,26495.93,5000,31495.93
7,2,514306.63,514306.63,529918.51,26495.93,5000,31495.93
7,3,514306.63,514306.63,529918.51,26495.93,5000,31495.93
7,4,574067.28,574067.28,529918.51,26495.93,5000,31495.93
7,5,549459.41,549459.41,529918.51,26495.93,5000,31495.93
7,6,563464.69,563464.69,529918.51,26495.93,5000,31495.93
7,7,565388.98,565388.98,529918.51,26495.93,5000,31495.93
7,8,641694.3,641694.3,529918.51,26495.93,5000,31495.93
7,9,427130.8,427130.8,529918.51,26495.93,5000,31495.93
7,10,505286.49,505286.49,529918.51,26495.93,5000,31495.93
7,11,506509.6,506509.6,529918.51,26495.93,5000,31495.93
7,12,506509.6,506509.6,529918.51,26495.93,5000,31495.93
7,13,506509.6,506509.6,529918.51,26495.93,5000,31495.93
8,1,922786.54,448865.52,947842.04,47392.1,5000,52392.1
8,2,922786.54,922786.54,947842.04,47392.1,5000,52392.1
8,3,922786.54,922786.54,947842.04,47392.1,5000,52392.1
8,4,1027304.22,1027304.2,947842.04,47392.1,5000,52392.1
8,5,978309.82,978309.82,947842.04,47392.1,5000,52392.1
8,6,995845.86,995845.86,947842.04,47392.1,5000,52392.1
8,7,999106.54,999106.54,947842.04,47392.1,5000,52392.1
8,8,1104664.52,1104664.5,947842.04,47392.1,5000,52392.1
8,9,792024.89,792024.89,947842.04,47392.1,5000,52392.1
8,10,914082.77,914082.77,947842.04,47392.1,5000,52392.1
8,11,914082.77,914082.77,947842.04,47392.1,5000,52392.1
8,12,914082.77,914082.77,947842.04,47392.1,5000,52392.1
8,13,914082.77,914082.77,947842.04,47392.1,5000,52392.1
9,1,566038.72,274604.55,582868.34,29143.42,5000,34143.42
9,2,566038.72,566038.72,582868.34,29143.42,5000,34143.42
9,3,566038.72,566038.72,582868.34,29143.42,5000,34143.42
9,4,629333.45,629333.45,582868.34,29143.42,5000,34143.42
9,5,602900.72,602900.72,582868.34,29143.42,5000,34143.42
9,6,615644.0,615644.0,582868.34,29143.42,5000,34143.42
9,7,617148.92,617148.92,582868.34,29143.42,5000,34143.42
9,8,697700.08,697700.08,582868.34,29143.42,5000,34143.42
9,9,467729.99,467729.99,582868.34,29143.42,5000,34143.42
9,10,562178.76,562178.76,582868.34,29143.42,5000,34143.42
9,11,562178.76,562178.76,582868.34,29143.42,5000,34143.42
9,12,562178.76,562178.76,582868.34,29143.42,5000,34143.42
9,13,562178.76,562178.76,582868.34,29143.42,5000,34143.42
10,1,1755877.33,862959.9,1785834.9,89291.74,5000,94291.74
10,2,1755877.33,1755877.3,1785834.9,89291.74,5000,94291.74
10,3,1755877.33,1755877.3,1785834.9,89291.74,5000,94291.74
10,4,1928925.16,1928925.2,1785834.9,89291.74,5000,94291.74
10,5,1827047.05,1827047.1,1785834.9,89291.74,5000,94291.74
10,6,1855374.34,1855374.3,1785834.9,89291.74,5000,94291.74
10,7,1860390.75,1860390.7,1785834.9,89291.74,5000,94291.74
10,8,2036560.49,2036560.5,1785834.9,89291.74,5000,94291.74
10,9,1462996.87,1462996.9,1785834.9,89291.74,5000,94291.74
10,10,1744096.96,1744097.0,1785834.9,89291.74,5000,94291.74
10,11,1744096.96,1744097.0,1785834.9,89291.74,5000,94291.74
10,12,1744096.96,1744097.0,1785834.9,89291.74,5000,94291.74
10,13,1744635.78,1744635.8,1785834.9,89291.74,5000,94291.74
11,1,1270510.73,618678.13,1303665.2,65183.26,5000,70183.26
11,2,1270510.73,1270510.7,1303665.2,65183.26,5000,70183.26
11,3,1270510.73,1270510.7,1303665.2,65183.26,5000,70183.26
11,4,1434298.51,1434298.5,1303665.2,65183.26,5000,70183.26
11,5,1341032.54,1341032.5,1303665.2,65183.26,5000,70183.26
11,6,1360420.98,1360421.0,1303665.2,65183.26,5000,70183.26
11,7,1364684.94,1364684.9,1303665.2,65183.26,5000,70183.26
11,8,1505239.37,1505239.4,1303665.2,65183.26,5000,70183.26
11,9,1096910.72,1096910.7,1303665.2,65183.26,5000,70183.26
11,10,1258382.12,1258382.1,1303665.2,65183.26,5000,70183.26
11,11,1258382.12,1258382.1,1303665.2,65183.26,5000,70183.26
11,12,1258382.12,1258382.1,1303665.2,65183.26,5000,70183.26
11,13,1258382.12,1258382.1,1303665.2,65183.26,5000,70183.26
12,1,987723.87,482230.47,1010986.8,50549.34,5000,55549.34
12,2,987723.87,987723.87,1010986.8,50549.34,5000,55549.34
12,3,987723.87,987723.87,1010986.8,50549.34,5000,55549.34
12,4,1103053.5,1103053.5,1010986.8,50549.34,5000,55549.34
12,5,1039865.52,1039865.5,1010986.8,50549.34,5000,55549.34
12,6,1059968.71,1059968.7,1010986.8,50549.34,5000,55549.34
12,7,1063981.87,1063981.9,1010986.8,50549.34,5000,55549.34
12,8,1183956.06,1183956.1,1010986.8,50549.34,5000,55549.34
12,9,809223.95,809223.95,1010986.8,50549.34,5000,55549.34
12,10,979901.77,979901.77,1010986.8,50549.34,5000,55549.34
12,11,979901.77,979901.77,1010986.8,50549.34,5000,55549.34
12,12,979901.77,979901.77,1010986.8,50549.34,5000,55549.34
12,13,979901.77,979901.77,1010986.8,50549.34,5000,55549.34
13,1,2038833.18,1001517.2,2074632.0,103731.6,5000,108731.6
13,2,2038833.18,2038833.2,2074632.0,103731.6,5000,108731.6
13,3,2042621.49,2042621.5,2074632.0,103731.6,5000,108731.6
13,4,2220169.03,2220169.0,2074632.0,103731.6,5000,108731.6
13,5,2113183.41,2113183.4,2074632.0,103731.6,5000,108731.6
13,6,2146257.27,2146257.3,2074632.0,103731.6,5000,108731.6
13,7,2151273.7,2151273.7,2074632.0,103731.6,5000,108731.6
13,8,2378955.78,2378955.8,2074632.0,103731.6,5000,108731.6
13,9,1739843.8,1739843.8,2074632.0,103731.6,5000,108731.6
13,10,2023734.77,2023734.8,2074632.0,103731.6,5000,108731.6
13,11,2024784.86,2024784.9,2074632.0,103731.6,5000,108731.6
13,12,2024784.86,2024784.9,2074632.0,103731.6,5000,108731.6
13,13,2026940.13,2026940.1,2074632.0,103731.6,5000,108731.6
14,1,1717627.51,845107.72,1745039.6,87251.98,5000,92251.98
14,2,1717627.51,1717627.5,1745039.6,87251.98,5000,92251.98
14,3,1721415.81,1721415.8,1745039.6,87251.98,5000,92251.98
14,4,1865026.31,1865026.3,1745039.6,87251.98,5000,92251.98
14,5,1784433.51,1784433.5,1745039.6,87251.98,5000,92251.98
14,6,1809955.93,1809955.9,1745039.6,87251.98,5000,92251.98
14,7,1814972.36,1814972.4,1745039.6,87251.98,5000,92251.98
14,8,2008199.76,2008199.8,1745039.6,87251.98,5000,92251.98
14,9,1438653.04,1438653.0,1745039.6,87251.98,5000,92251.98
14,10,1701631.27,1701631.3,1745039.6,87251.98,5000,92251.98
14,11,1701631.27,1701631.3,1745039.6,87251.98,5000,92251.98
14,12,1701631.27,1701631.3,1745039.6,87251.98,5000,92251.98
14,13,1702708.91,1702708.9,1745039.6,87251.98,5000,92251.98
15,1,571016.0,278741.04,584549.93,29227.5,5000,34227.5
15,2,571016.0,571016.0,584549.93,29227.5,5000,34227.5
15,3,571016.0,571016.0,584549.93,29227.5,5000,34227.5
15,4,624337.93,624337.93,584549.93,29227.5,5000,34227.5
15,5,603970.37,603970.37,584549.93,29227.5,5000,34227.5
15,6,615910.91,615910.91,584549.93,29227.5,5000,34227.5
15,7,617165.01,617165.01,584549.93,29227.5,5000,34227.5
15,8,693803.82,693803.82,584549.93,29227.5,5000,34227.5
15,9,463825.03,463825.03,584549.93,29227.5,5000,34227.5
15,10,566772.0,566772.0,584549.93,29227.5,5000,34227.5
15,11,566772.0,566772.0,584549.93,29227.5,5000,34227.5
15,12,566772.0,566772.0,584549.93,29227.5,5000,34227.5
15,13,566772.0,566772.0,584549.93,29227.5,5000,34227.5
16,1,494123.04,238331.17,511583.74,25579.19,5000,30579.19
16,2,494123.04,494123.04,511583.74,25579.19,5000,30579.19
16,3,494123.04,494123.04,511583.74,25579.19,5000,30579.19
16,4,564373.82,564373.82,511583.74,25579.19,5000,30579.19
16,5,532282.08,532282.08,511583.74,25579.19,5000,30579.19
16,6,545810.99,545810.99,511583.74,25579.19,5000,30579.19
16,7,547484.46,547484.46,511583.74,25579.19,5000,30579.19
16,8,617343.67,617343.67,511583.74,25579.19,5000,30579.19
16,9,408465.91,408465.91,511583.74,25579.19,5000,30579.19
16,10,487197.3,487197.3,511583.74,25579.19,5000,30579.19
16,11,488420.41,488420.41,511583.74,25579.19,5000,30579.19
16,12,488420.41,488420.41,511583.74,25579.19,5000,30579.19
16,13,488420.41,488420.41,511583.74,25579.19,5000,30579.19
17,1,972170.1,475208.98,993922.25,49696.11,5000,54696.11
17,2,972170.1,972170.1,993922.25,49696.11,5000,54696.11
17,3,972170.1,972170.1,993922.25,49696.11,5000,54696.11
17,4,1080927.97,1080928.0,993922.25,49696.11,5000,54696.11
17,5,1021541.06,1021541.1,993922.25,49696.11,5000,54696.11
17,6,1039212.71,1039212.7,993922.25,49696.11,5000,54696.11
17,7,1042641.94,1042641.9,993922.25,49696.11,5000,54696.11
17,8,1155198.24,1155198.2,993922.25,49696.11,5000,54696.11
17,9,814846.53,814846.53,993922.25,49696.11,5000,54696.11
17,10,961335.41,961335.41,993922.25,49696.11,5000,54696.11
17,11,962925.02,962925.02,993922.25,49696.11,5000,54696.11
17,12,962925.02,962925.02,993922.25,49696.11,5000,54696.11
17,13,962925.02,962925.02,993922.25,49696.11,5000,54696.11
18,1,1114855.43,545484.76,1138741.3,56937.07,5000,61937.07
18,2,1114855.43,1114855.4,1138741.3,56937.07,5000,61937.07
18,3,1114855.43,1114855.4,1138741.3,56937.07,5000,61937.07
18,4,1227278.4,1227278.4,1138741.3,56937.07,5000,61937.07
18,5,1173322.16,1173322.2,1138741.3,56937.07,5000,61937.07
18,6,1194486.23,1194486.2,1138741.3,56937.07,5000,61937.07
18,7,1198499.37,1198499.4,1138741.3,56937.07,5000,61937.07
18,8,1325096.84,1325096.8,1138741.3,56937.07,5000,61937.07
18,9,914266.48,914266.48,1138741.3,56937.07,5000,61937.07
18,10,1105613.09,1105613.1,1138741.3,56937.07,5000,61937.07
18,11,1106836.2,1106836.2,1138741.3,56937.07,5000,61937.07
18,12,1106836.2,1106836.2,1138741.3,56937.07,5000,61937.07
18,13,1106836.2,1106836.2,1138741.3,56937.07,5000,61937.07
19,1,1360820.42,667138.65,1387363.5,69368.18,5000,74368.18
19,2,1360820.42,1360820.4,1387363.5,69368.18,5000,74368.18
19,3,1360820.42,1360820.4,1387363.5,69368.18,5000,74368.18
19,4,1493730.39,1493730.4,1387363.5,69368.18,5000,74368.18
19,5,1422294.77,1422294.8,1387363.5,69368.18,5000,74368.18
19,6,1443549.99,1443550.0,1387363.5,69368.18,5000,74368.18
19,7,1448064.78,1448064.8,1387363.5,69368.18,5000,74368.18
19,8,1606510.96,1606511.0,1387363.5,69368.18,5000,74368.18
19,9,1141074.51,1141074.5,1387363.5,69368.18,5000,74368.18
19,10,1349240.43,1349240.4,1387363.5,69368.18,5000,74368.18
19,11,1349240.43,1349240.4,1387363.5,69368.18,5000,74368.18
19,12,1349240.43,1349240.4,1387363.5,69368.18,5000,74368.18
19,13,1350318.07,1350318.1,1387363.5,69368.18,5000,74368.18
20,1,2098822.19,1030150.3,2137343.7,106867.19,5000,111867.19
20,2,2098822.19,2098822.2,2137343.7,106867.19,5000,111867.19
20,3,2106398.81,2106398.8,2137343.7,106867.19,5000,111867.19
20,4,2300165.65,2300165.6,2137343.7,106867.19,5000,111867.19
20,5,2176250.79,2176250.8,2137343.7,106867.19,5000,111867.19
20,6,2205821.49,2205821.5,2137343.7,106867.19,5000,111867.19
20,7,2210085.45,2210085.5,2137343.7,106867.19,5000,111867.19
20,8,2439100.43,2439100.4,2137343.7,106867.19,5000,111867.19
20,9,1828402.82,1828402.8,2137343.7,106867.19,5000,111867.19
20,10,2079995.51,2079995.5,2137343.7,106867.19,5000,111867.19
20,11,2079995.51,2079995.5,2137343.7,106867.19,5000,111867.19
20,12,2079995.51,2079995.5,2137343.7,106867.19,5000,111867.19
20,13,2081611.96,2081612.0,2137343.7,106867.19,5000,111867.19
21,1,680302.33,331837.67,696929.31,34846.47,5000,39846.47
21,2,680302.33,680302.33,696929.31,34846.47,5000,39846.47
21,3,680302.33,680302.33,696929.31,34846.47,5000,39846.47
21,4,749783.14,749783.14,696929.31,34846.47,5000,39846.47
21,5,720620.2,720620.2,696929.31,34846.47,5000,39846.47
21,6,733335.55,733335.55,696929.31,34846.47,5000,39846.47
21,7,735342.11,735342.11,696929.31,34846.47,5000,39846.47
21,8,825998.12,825998.12,696929.31,34846.47,5000,39846.47
21,9,551331.83,551331.83,696929.31,34846.47,5000,39846.47
21,10,675690.78,675690.78,696929.31,34846.47,5000,39846.47
21,11,675690.78,675690.78,696929.31,34846.47,5000,39846.47
21,12,675690.78,675690.78,696929.31,34846.47,5000,39846.47
21,13,675690.78,675690.78,696929.31,34846.47,5000,39846.47
22,1,1069592.83,523508.88,1092167.9,54608.39,5000,59608.39
22,2,1069592.83,1069592.8,1092167.9,54608.39,5000,59608.39
22,3,1069592.83,1069592.8,1092167.9,54608.39,5000,59608.39
22,4,1180167.33,1180167.3,1092167.9,54608.39,5000,59608.39
22,5,1123654.65,1123654.6,1092167.9,54608.39,5000,59608.39
22,6,1142786.38,1142786.4,1092167.9,54608.39,5000,59608.39
22,7,1147050.35,1147050.4,1092167.9,54608.39,5000,59608.39
22,8,1275225.44,1275225.4,1092167.9,54608.39,5000,59608.39
22,9,872396.32,872396.32,1092167.9,54608.39,5000,59608.39
22,10,1062030.92,1062030.9,1092167.9,54608.39,5000,59608.39
22,11,1062030.92,1062030.9,1092167.9,54608.39,5000,59608.39
22,12,1062030.92,1062030.9,1092167.9,54608.39,5000,59608.39
22,13,1062030.92,1062030.9,1092167.9,54608.39,5000,59608.39
23,1,1390823.33,676741.03,1428164.6,71408.23,5000,76408.23
23,2,1390823.33,1390823.3,1428164.6,71408.23,5000,76408.23
23,3,1390823.33,1390823.3,1428164.6,71408.23,5000,76408.23
23,4,1566936.91,1566936.9,1428164.6,71408.23,5000,76408.23
23,5,1473997.15,1473997.2,1428164.6,71408.23,5000,76408.23
23,6,1499476.84,1499476.8,1428164.6,71408.23,5000,76408.23
23,7,1505998.19,1505998.2,1428164.6,71408.23,5000,76408.23
23,8,1662993.75,1662993.8,1428164.6,71408.23,5000,76408.23
23,9,1174902.92,1174902.9,1428164.6,71408.23,5000,76408.23
23,10,1377340.99,1377341.0,1428164.6,71408.23,5000,76408.23
23,11,1377340.99,1377341.0,1428164.6,71408.23,5000,76408.23
23,12,1377340.99,1377341.0,1428164.6,71408.23,5000,76408.23
23,13,1377340.99,1377341.0,1428164.6,71408.23,5000,76408.23
24,1,1342277.08,656683.08,1371188.0,68559.4,5000,73559.4
24,2,1342277.08,1342277.1,1371188.0,68559.4,5000,73559.4
24,3,1346065.39,1346065.4,1371188.0,68559.4,5000,73559.4
24,4,1482674.59,1482674.6,1371188.0,68559.4,5000,73559.4
24,5,1407317.99,1407318.0,1371188.0,68559.4,5000,73559.4
24,6,1426706.4,1426706.4,1371188.0,68559.4,5000,73559.4
24,7,1431471.99,1431472.0,1371188.0,68559.4,5000,73559.4
24,8,1583121.76,1583121.8,1371188.0,68559.4,5000,73559.4
24,9,1145640.95,1145640.9,1371188.0,68559.4,5000,73559.4
24,10,1328679.73,1328679.7,1371188.0,68559.4,5000,73559.4
24,11,1329377.8,1329377.8,1371188.0,68559.4,5000,73559.4
24,12,1329377.8,1329377.8,1371188.0,68559.4,5000,73559.4
24,13,1330455.44,1330455.4,1371188.0,68559.4,5000,73559.4
25,1,702501.52,342036.4,720930.24,36046.51,5000,41046.51
25,2,702501.52,702501.52,720930.24,36046.51,5000,41046.51
25,3,702501.52,702501.52,720930.24,36046.51,5000,41046.51
25,4,781241.62,781241.62,720930.24,36046.51,5000,41046.51
25,5,743231.53,743231.53,720930.24,36046.51,5000,41046.51
25,6,758939.36,758939.36,720930.24,36046.51,5000,41046.51
25,7,761447.58,761447.58,720930.24,36046.51,5000,41046.51
25,8,851791.88,851791.88,720930.24,36046.51,5000,41046.51
25,9,575799.04,575799.04,720930.24,36046.51,5000,41046.51
25,10,698034.38,698034.38,720930.24,36046.51,5000,41046.51
25,11,698034.38,698034.38,720930.24,36046.51,5000,41046.51
25,12,698034.38,698034.38,720930.24,36046.51,5000,41046.51
25,13,698034.38,698034.38,720930.24,36046.51,5000,41046.51
26,1,1015386.43,497161.47,1036449.9,51822.5,5000,56822.5
26,2,1015386.43,1015386.4,1036449.9,51822.5,5000,56822.5
26,3,1015386.43,1015386.4,1036449.9,51822.5,5000,56822.5
26,4,1124282.96,1124283.0,1036449.9,51822.5,5000,56822.5
26,5,1065592.42,1065592.4,1036449.9,51822.5,5000,56822.5
26,6,1080758.39,1080758.4,1036449.9,51822.5,5000,56822.5
26,7,1083768.25,1083768.3,1036449.9,51822.5,5000,56822.5
26,8,1194055.53,1194055.5,1036449.9,51822.5,5000,56822.5
26,9,865822.43,865822.43,1036449.9,51822.5,5000,56822.5
26,10,1003217.75,1003217.7,1036449.9,51822.5,5000,56822.5
26,11,1003217.75,1003217.7,1036449.9,51822.5,5000,56822.5
26,12,1003217.75,1003217.7,1036449.9,51822.5,5000,56822.5
26,13,1003756.57,1003756.6,1036449.9,51822.5,5000,56822.5
27,1,1685057.4,827450.57,1715213.7,85760.68,5000,90760.68
27,2,1685057.4,1685057.4,1715213.7,85760.68,5000,90760.68
27,3,1685057.4,1685057.4,1715213.7,85760.68,5000,90760.68
27,4,1843439.76,1843439.8,1715213.7,85760.68,5000,90760.68
27,5,1751604.2,1751604.2,1715213.7,85760.68,5000,90760.68
27,6,1779903.54,1779903.5,1715213.7,85760.68,5000,90760.68
27,7,1785923.25,1785923.2,1715213.7,85760.68,5000,90760.68
27,8,1974692.02,1974692.0,1715213.7,85760.68,5000,90760.68
27,9,1401830.76,1401830.8,1715213.7,85760.68,5000,90760.68
27,10,1676033.56,1676033.6,1715213.7,85760.68,5000,90760.68
27,11,1676033.56,1676033.6,1715213.7,85760.68,5000,90760.68
27,12,1676033.56,1676033.6,1715213.7,85760.68,5000,90760.68
27,13,1677111.19,1677111.2,1715213.7,85760.68,5000,90760.68
28,1,1289496.08,635132.0,1308728.2,65436.41,5000,70436.41
28,2,1289496.08,1289496.1,1308728.2,65436.41,5000,70436.41
28,3,1289496.08,1289496.1,1308728.2,65436.41,5000,70436.41
28,4,1440366.15,1440366.1,1308728.2,65436.41,5000,70436.41
28,5,1350570.69,1350570.7,1308728.2,65436.41,5000,70436.41
28,6,1362861.77,1362861.8,1308728.2,65436.41,5000,70436.41
28,7,1367043.5,1367043.5,1308728.2,65436.41,5000,70436.41
28,8,1497522.35,1497522.4,1308728.2,65436.41,5000,70436.41
28,9,1087410.87,1087410.9,1308728.2,65436.41,5000,70436.41
28,10,1256316.49,1256316.5,1308728.2,65436.41,5000,70436.41
28,11,1260602.77,1260602.8,1308728.2,65436.41,5000,70436.41
28,12,1260602.77,1260602.8,1308728.2,65436.41,5000,70436.41
28,13,1261680.4,1261680.4,1308728.2,65436.41,5000,70436.41
29,1,540155.97,262225.27,555861.4,27793.07,5000,32793.07
29,2,540155.97,540155.97,555861.4,27793.07,5000,32793.07
29,3,540155.97,540155.97,555861.4,27793.07,5000,32793.07
29,4,594971.75,594971.75,555861.4,27793.07,5000,32793.07
29,5,577455.32,577455.32,555861.4,27793.07,5000,32793.07
29,6,589444.22,589444.22,555861.4,27793.07,5000,32793.07
29,7,591450.8,591450.8,555861.4,27793.07,5000,32793.07
29,8,670635.53,670635.53,555861.4,27793.07,5000,32793.07
29,9,437039.81,437039.81,555861.4,27793.07,5000,32793.07
29,10,536183.22,536183.22,555861.4,27793.07,5000,32793.07
29,11,536183.22,536183.22,555861.4,27793.07,5000,32793.07
29,12,536183.22,536183.22,555861.4,27793.07,5000,32793.07
29,13,536183.22,536183.22,555861.4,27793.07,5000,32793.07
30,1,450911.49,218520.35,464782.28,23239.11,5000,28239.11
30,2,450911.49,450911.49,464782.28,23239.11,5000,28239.11
30,3,450911.49,450911.49,464782.28,23239.11,5000,28239.11
30,4,505891.86,505891.86,464782.28,23239.11,5000,28239.11
30,5,480119.13,480119.13,464782.28,23239.11,5000,28239.11
30,6,491343.23,491343.23,464782.28,23239.11,5000,28239.11
30,7,493349.8,493349.8,464782.28,23239.11,5000,28239.11
30,8,562103.14,562103.14,464782.28,23239.11,5000,28239.11
30,9,366101.02,366101.02,464782.28,23239.11,5000,28239.11
30,10,447631.75,447631.75,464782.28,23239.11,5000,28239.11
30,11,447631.75,447631.75,464782.28,23239.11,5000,28239.11
30,12,447631.75,447631.75,464782.28,23239.11,5000,28239.11
30,13,447631.75,447631.75,464782.28,23239.11,5000,28239.11
31,1,1371086.84,673787.27,1394599.1,69729.96,5000,74729.96
31,2,1371086.84,1371086.8,1394599.1,69729.96,5000,74729.96
31,3,1371086.84,1371086.8,1394599.1,69729.96,5000,74729.96
31,4,1486763.91,1486763.9,1394599.1,69729.96,5000,74729.96
31,5,1425314.39,1425314.4,1394599.1,69729.96,5000,74729.96
31,6,1446952.23,1446952.2,1394599.1,69729.96,5000,74729.96
31,7,1450965.36,1450965.4,1394599.1,69729.96,5000,74729.96
31,8,1592373.5,1592373.5,1394599.1,69729.96,5000,74729.96
31,9,1163044.55,1163044.5,1394599.1,69729.96,5000,74729.96
31,10,1362509.2,1362509.2,1394599.1,69729.96,5000,74729.96
31,11,1362509.2,1362509.2,1394599.1,69729.96,5000,74729.96
31,12,1362509.2,1362509.2,1394599.1,69729.96,5000,74729.96
31,13,1363586.82,1363586.8,1394599.1,69729.96,5000,74729.96
32,1,1217405.28,597294.29,1240222.0,62011.1,5000,67011.1
32,2,1217405.28,1217405.3,1240222.0,62011.1,5000,67011.1
32,3,1217405.28,1217405.3,1240222.0,62011.1,5000,67011.1
32,4,1323915.45,1323915.4,1240222.0,62011.1,5000,67011.1
32,5,1272431.8,1272431.8,1240222.0,62011.1,5000,67011.1
32,6,1292453.38,1292453.4,1240222.0,62011.1,5000,67011.1
32,7,1296215.7,1296215.7,1240222.0,62011.1,5000,67011.1
32,8,1443018.72,1443018.7,1240222.0,62011.1,5000,67011.1
32,9,1005644.37,1005644.4,1240222.0,62011.1,5000,67011.1
32,10,1209247.61,1209247.6,1240222.0,62011.1,5000,67011.1
32,11,1209247.61,1209247.6,1240222.0,62011.1,5000,67011.1
32,12,1209247.61,1209247.6,1240222.0,62011.1,5000,67011.1
32,13,1209247.61,1209247.6,1240222.0,62011.1,5000,67011.1
33,1,271454.27,129774.72,283359.1,14167.95,5000,19167.96
33,2,271454.27,271454.27,283359.1,14167.95,5000,19167.96
33,3,271454.27,271454.27,283359.1,14167.95,5000,19167.96
33,4,304359.85,304359.85,283359.1,14167.95,5000,19167.96
33,5,295966.83,295966.83,283359.1,14167.95,5000,19167.96
33,6,304605.16,304605.16,283359.1,14167.95,5000,19167.96
33,7,305859.27,305859.27,283359.1,14167.95,5000,19167.96
33,8,361469.76,361469.76,283359.1,14167.95,5000,19167.96
33,9,221082.3,221082.3,283359.1,14167.95,5000,19167.96
33,10,268990.58,268990.58,283359.1,14167.95,5000,19167.96
33,11,268990.58,268990.58,283359.1,14167.95,5000,19167.96
33,12,268990.58,268990.58,283359.1,14167.95,5000,19167.96
33,13,268990.58,268990.58,283359.1,14167.95,5000,19167.96
34,1,974411.06,474309.63,1000202.9,50010.15,5000,55010.15
34,2,974411.06,974411.06,1000202.9,50010.15,5000,55010.15
34,3,974411.06,974411.06,1000202.9,50010.15,5000,55010.15
34,4,1087855.25,1087855.3,1000202.9,50010.15,5000,55010.15
34,5,1029597.37,1029597.4,1000202.9,50010.15,5000,55010.15
34,6,1048673.32,1048673.3,1000202.9,50010.15,5000,55010.15
34,7,1052435.63,1052435.6,1000202.9,50010.15,5000,55010.15
34,8,1166814.33,1166814.3,1000202.9,50010.15,5000,55010.15
34,9,817281.98,817281.98,1000202.9,50010.15,5000,55010.15
34,10,969186.5,969186.5,1000202.9,50010.15,5000,55010.15
34,11,969186.5,969186.5,1000202.9,50010.15,5000,55010.15
34,12,969186.5,969186.5,1000202.9,50010.15,5000,55010.15
34,13,969186.5,969186.5,1000202.9,50010.15,5000,55010.15
35,1,879283.2,429868.25,898829.91,44941.5,5000,49941.5
35,2,879283.2,879283.2,898829.91,44941.5,5000,49941.5
35,3,879283.2,879283.2,898829.91,44941.5,5000,49941.5
35,4,969291.31,969291.31,898829.91,44941.5,5000,49941.5
35,5,926093.66,926093.66,898829.91,44941.5,5000,49941.5
35,6,941016.09,941016.09,898829.91,44941.5,5000,49941.5
35,7,943775.14,943775.14,898829.91,44941.5,5000,49941.5
35,8,1048291.11,1048291.1,898829.91,44941.5,5000,49941.5
35,9,728802.32,728802.32,898829.91,44941.5,5000,49941.5
35,10,872417.39,872417.39,898829.91,44941.5,5000,49941.5
35,11,872417.39,872417.39,898829.91,44941.5,5000,49941.5
35,12,872417.39,872417.39,898829.91,44941.5,5000,49941.5
35,13,872417.39,872417.39,898829.91,44941.5,5000,49941.5
36,1,289258.23,139081.02,300354.43,15017.72,5000,20017.72
36,2,289258.23,289258.23,300354.43,15017.72,5000,20017.72
36,3,289258.23,289258.23,300354.43,15017.72,5000,20017.72
36,4,323074.7,323074.7,300354.43,15017.72,5000,20017.72
36,5,312503.32,312503.32,300354.43,15017.72,5000,20017.72
36,6,322458.75,322458.75,300354.43,15017.72,5000,20017.72
36,7,323462.04,323462.04,300354.43,15017.72,5000,20017.72
36,8,376092.02,376092.02,300354.43,15017.72,5000,20017.72
36,9,232043.17,232043.17,300354.43,15017.72,5000,20017.72
36,10,286799.72,286799.72,300354.43,15017.72,5000,20017.72
36,11,286799.72,286799.72,300354.43,15017.72,5000,20017.72
36,12,286799.72,286799.72,300354.43,15017.72,5000,20017.72
36,13,286799.72,286799.72,300354.43,15017.72,5000,20017.72
37,1,550267.23,267191.58,566151.31,28307.57,5000,33307.57
37,2,550267.23,550267.23,566151.31,28307.57,5000,33307.57
37,3,550267.23,550267.23,566151.31,28307.57,5000,33307.57
37,4,613024.51,613024.51,566151.31,28307.57,5000,33307.57
37,5,584462.66,584462.66,566151.31,28307.57,5000,33307.57
37,6,597602.08,597602.08,566151.31,28307.57,5000,33307.57
37,7,599608.64,599608.64,566151.31,28307.57,5000,33307.57
37,8,674747.73,674747.73,566151.31,28307.57,5000,33307.57
37,9,454916.39,454916.39,566151.31,28307.57,5000,33307.57
37,10,546200.82,546200.82,566151.31,28307.57,5000,33307.57
37,11,546200.82,546200.82,566151.31,28307.57,5000,33307.57
37,12,546200.82,546200.82,566151.31,28307.57,5000,33307.57
37,13,546200.82,546200.82,566151.31,28307.57,5000,33307.57
38,1,443259.74,214177.31,458164.87,22908.24,5000,27908.24
38,2,443259.74,443259.74,458164.87,22908.24,5000,27908.24
38,3,443259.74,443259.74,458164.87,22908.24,5000,27908.24
38,4,500651.2,500651.2,458164.87,22908.24,5000,27908.24
38,5,472618.35,472618.35,458164.87,22908.24,5000,27908.24
38,6,483415.16,483415.16,458164.87,22908.24,5000,27908.24
38,7,484669.26,484669.26,458164.87,22908.24,5000,27908.24
38,8,548392.34,548392.34,458164.87,22908.24,5000,27908.24
38,9,375641.74,375641.74,458164.87,22908.24,5000,27908.24
38,10,440244.0,440244.0,458164.87,22908.24,5000,27908.24
38,11,440244.0,440244.0,458164.87,22908.24,5000,27908.24
38,12,440244.0,440244.0,458164.87,22908.24,5000,27908.24
38,13,440244.0,440244.0,458164.87,22908.24,5000,27908.24
39,1,1580369.08,776177.17,1608383.8,80419.19,5000,85419.19
39,2,1580369.08,1580369.1,1608383.8,80419.19,5000,85419.19
39,3,1580369.08,1580369.1,1608383.8,80419.19,5000,85419.19
39,4,1724939.39,1724939.4,1608383.8,80419.19,5000,85419.19
39,5,1640182.15,1640182.1,1608383.8,80419.19,5000,85419.19
39,6,1667647.45,1667647.4,1608383.8,80419.19,5000,85419.19
39,7,1672413.05,1672413.0,1608383.8,80419.19,5000,85419.19
39,8,1847501.13,1847501.1,1608383.8,80419.19,5000,85419.19
39,9,1328983.89,1328983.9,1608383.8,80419.19,5000,85419.19
39,10,1571284.41,1571284.4,1608383.8,80419.19,5000,85419.19
39,11,1571284.41,1571284.4,1608383.8,80419.19,5000,85419.19
39,12,1571284.41,1571284.4,1608383.8,80419.19,5000,85419.19
39,13,1572362.04,1572362.0,1608383.8,80419.19,5000,85419.19
40,1,969708.92,472766.99,993883.87,49694.19,5000,54694.19
40,2,969708.92,969708.92,993883.87,49694.19,5000,54694.19
40,3,969708.92,969708.92,993883.87,49694.19,5000,54694.19
40,4,1075699.46,1075699.5,993883.87,49694.19,5000,54694.19
40,5,1023950.08,1023950.1,993883.87,49694.19,5000,54694.19
40,6,1038980.35,1038980.4,993883.87,49694.19,5000,54694.19
40,7,1042491.86,1042491.9,993883.87,49694.19,5000,54694.19
40,8,1152905.15,1152905.2,993883.87,49694.19,5000,54694.19
40,9,834621.39,834621.39,993883.87,49694.19,5000,54694.19
40,10,960544.1,960544.1,993883.87,49694.19,5000,54694.19
40,11,960544.1,960544.1,993883.87,49694.19,5000,54694.19
40,12,960544.1,960544.1,993883.87,49694.19,5000,54694.19
40,13,961082.91,961082.91,993883.87,49694.19,5000,54694.19
41,1,1355585.03,663159.19,1384851.7,69242.59,5000,74242.59
41,2,1355585.03,1355585.0,1384851.7,69242.59,5000,74242.59
41,3,1355585.03,1355585.0,1384851.7,69242.59,5000,74242.59
41,4,1503406.08,1503406.1,1384851.7,69242.59,5000,74242.59
41,5,1415047.94,1415047.9,1384851.7,69242.59,5000,74242.59
41,6,1437919.0,1437919.0,1384851.7,69242.59,5000,74242.59
41,7,1441932.14,1441932.1,1384851.7,69242.59,5000,74242.59
41,8,1588667.53,1588667.5,1384851.7,69242.59,5000,74242.59
41,9,1161407.19,1161407.2,1384851.7,69242.59,5000,74242.59
41,10,1346455.76,1346455.8,1384851.7,69242.59,5000,74242.59
41,11,1346980.81,1346980.8,1384851.7,69242.59,5000,74242.59
41,12,1346980.81,1346980.8,1384851.7,69242.59,5000,74242.59
41,13,1347519.62,1347519.6,1384851.7,69242.59,5000,74242.59
42,1,558649.28,271484.41,574329.73,28716.49,5000,33716.49
42,2,558649.28,558649.28,574329.73,28716.49,5000,33716.49
42,3,558649.28,558649.28,574329.73,28716.49,5000,33716.49
42,4,637753.1,637753.1,574329.73,28716.49,5000,33716.49
42,5,592310.23,592310.23,574329.73,28716.49,5000,33716.49
42,6,602800.87,602800.87,574329.73,28716.49,5000,33716.49
42,7,604305.81,604305.81,574329.73,28716.49,5000,33716.49
42,8,678373.61,678373.61,574329.73,28716.49,5000,33716.49
42,9,474848.65,474848.65,574329.73,28716.49,5000,33716.49
42,10,549986.61,549986.61,574329.73,28716.49,5000,33716.49
42,11,549986.61,549986.61,574329.73,28716.49,5000,33716.49
42,12,549986.61,549986.61,574329.73,28716.49,5000,33716.49
42,13,549986.61,549986.61,574329.73,28716.49,5000,33716.49
43,1,619330.35,301050.67,636559.35,31827.97,5000,36827.97
43,2,619330.35,619330.35,636559.35,31827.97,5000,36827.97
43,3,619330.35,619330.35,636559.35,31827.97,5000,36827.97
43,4,687996.07,687996.07,636559.35,31827.97,5000,36827.97
43,5,652603.45,652603.45,636559.35,31827.97,5000,36827.97
43,6,665770.74,665770.74,636559.35,31827.97,5000,36827.97
43,7,667526.49,667526.49,636559.35,31827.97,5000,36827.97
43,8,749822.51,749822.51,636559.35,31827.97,5000,36827.97
43,9,530643.96,530643.96,636559.35,31827.97,5000,36827.97
43,10,615729.33,615729.33,636559.35,31827.97,5000,36827.97
43,11,615729.33,615729.33,636559.35,31827.97,5000,36827.97
43,12,615729.33,615729.33,636559.35,31827.97,5000,36827.97
43,13,615729.33,615729.33,636559.35,31827.97,5000,36827.97
44,1,358186.25,173270.18,369832.15,18491.61,5000,23491.61
44,2,358186.25,358186.25,369832.15,18491.61,5000,23491.61
44,3,358186.25,358186.25,369832.15,18491.61,5000,23491.61
44,4,401385.67,401385.67,369832.15,18491.61,5000,23491.61
44,5,382703.89,382703.89,369832.15,18491.61,5000,23491.61
44,6,394091.47,394091.47,369832.15,18491.61,5000,23491.61
44,7,395345.57,395345.57,369832.15,18491.61,5000,23491.61
44,8,456226.2,456226.2,369832.15,18491.61,5000,23491.61
44,9,281715.26,281715.26,369832.15,18491.61,5000,23491.61
44,10,355447.78,355447.78,369832.15,18491.61,5000,23491.61
44,11,355447.78,355447.78,369832.15,18491.61,5000,23491.61
44,12,355447.78,355447.78,369832.15,18491.61,5000,23491.61
44,13,355447.78,355447.78,369832.15,18491.61,5000,23491.61
45,1,764285.18,373595.36,781379.63,39068.98,5000,44068.98
45,2,764285.18,764285.18,781379.63,39068.98,5000,44068.98
45,3,764285.18,764285.18,781379.63,39068.98,5000,44068.98
45,4,842193.3,842193.3,781379.63,39068.98,5000,44068.98
45,5,805781.34,805781.34,781379.63,39068.98,5000,44068.98
45,6,820220.57,820220.57,781379.63,39068.98,5000,44068.98
45,7,822979.6,822979.6,781379.63,39068.98,5000,44068.98
45,8,917347.39,917347.39,781379.63,39068.98,5000,44068.98
45,9,619211.53,619211.53,781379.63,39068.98,5000,44068.98
45,10,759336.49,759336.49,781379.63,39068.98,5000,44068.98
45,11,759336.49,759336.49,781379.63,39068.98,5000,44068.98
45,12,759336.49,759336.49,781379.63,39068.98,5000,44068.98
45,13,759336.49,759336.49,781379.63,39068.98,5000,44068.98
